Workbook

Sheet README
A1: LAKA S&OP 템플릿 v0
A2: 작성일 | B2: 2026-05-11
A3: 기준 문서 | B3: wiki/industry/LAKA/concepts/sop/ — 1. Data Gathering / 2. Demand Planning
A5: [목적]
B6: Wallace 5-step의 Step 1·Step 2 운영을 위한 최소 작동 워크북. 1개 product family 18개월 view 데모.
B7: 실데이터 투입 전 가정·구조 검증용. W7 laka_sop_v1 단계에서 확정 형태로 진화.
A9: [시트 흐름]
A10: 1. README | B10: 본 문서 — 사용법·가정·컬러 코드
A11: 2. Master_Data | B11: Family 정의 8개·환율 시나리오 3개·Channel 코드 8개. 모든 family 시트가 여기 참조
A12: 3. F01_Sally_Smith | B12: 립글로스 컬러군 A 베스트셀러 — 3 블록(Forecast·Production·Inventory) × 4 row(Baseline·Campaign·NPI·Total) × 18개월
A13: 4. NPI_Tracker | B13: 신제품 launch curve — 컬러 #208 코랄 예시, 4 채널·3 시나리오
A14: 5. FVA_Tracking | B14: Forecast Value Added 측정 — 각 layer가 baseline 대비 정확도 개선/악화 추적
A16: [Sally Smith 컬러 트래픽 라이트]
B17: Difference 셀의 |val|/Total Forecast 비율 기준:
A18: 흰색 (정상) | B18: ±5% 이내
A19: 노란색 (주의) | B19: ±5% 초과 ~ ±10% 이내
A20: 빨간색 (경고) | B20: ±10% 초과
A22: [가정 — 환율]
B23: Master_Data 시트의 base/opt/pess 3개 시나리오. F01 시트는 base 환율 적용. 변경 시 Master_Data만 수정.
A25: [가정 — 단가]
B26: Family별 평균 단가 (KRW) — Master_Data 시트에서 일괄 관리. F01 단가는 15,000 KRW.
A28: [가정 — 리드타임]
B29: 한국콜마 립글로스 기준: bulk 30-45일 + finishing 7-14일 = 총 45-60일 cumulative.
B30: Demand Time Fence(DTF) 30일·Planning Time Fence(PTF) 60일 적용.
A32: [사용 흐름 - 매월]
A33: Day 1-3 (Step 1) | B33: 전월 actual 입력 (Actual Sales·Actual Production·Actual Inventory 행)
A34: Day 4 (Step 2 시작) | B34: Statistical Baseline 갱신 (Baseline 행 update)
A35: Day 4-5 | B35: Marketing이 Campaign 행 인풋
A36: Day 5-6 | B36: Sales가 채널별 인풋 — 단순화: 현재 템플릿은 family 합산만, 채널 분해는 W7 확장
A37: Day 6 | B37: 프로덕트가 NPI 행 인풋 (NPI_Tracker 시나리오와 연동)
A38: Day 7 | B38: Demand Consensus Meeting → Total Forecast 확정 → Step 3 (Supply Planning)으로 전달
A40: [제한 - v0의 한계]
B41: 1) 1 family만 (F01). 추후 family당 1 sheet 복제 또는 통합 view.
B42: 2) 단위(units)와 KRW가 같은 시트에 표기됨. 임원 보고 시 KRW 별도 시트 분리 권장.
B43: 3) Channel 분해 미포함 — Step 2 합산만 운영. 채널 분해는 Master_Schedule 영역(W4 이후).
B44: 4) FVA는 3개월 누적 후 측정 시작 — 현재 워크북은 양식만 제공.
B45: 5) 자동화 없음 — manual Excel. Phase 3에서 ETL·통계 SW로 확장.

Sheet Master_Data
A1: Master_Data — Family·환율·Channel
A3: Family ID | B3: 명칭 | C3: 단위 | D3: 단가 (KRW) | E3: Lead Time (일) | F3: MOQ | G3: Safety Stock (일치)
A4: F01 | B4: 립글로스 컬러군 A (베스트셀러) | C4: units | D4: 15000 | E4: 45 | F4: 5000 | G4: 30
A5: F02 | B5: 립글로스 컬러군 B (시즌 한정) | C5: units | D5: 15000 | E5: 45 | F5: 5000 | G5: 15
A6: F03 | B6: 립틴트 | C6: units | D6: 14000 | E6: 50 | F6: 5000 | G6: 30
A7: F04 | B7: 아이섀도 | C7: units | D7: 18000 | E7: 60 | F7: 3000 | G7: 25
A8: F05 | B8: 베이스 (파데·쿠션) | C8: units | D8: 28000 | E8: 55 | F8: 3000 | G8: 25
A9: F06 | B9: 선케어 | C9: units | D9: 22000 | E9: 50 | F9: 5000 | G9: 30
A10: F07 | B10: 스킨케어 | C10: units | D10: 25000 | E10: 55 | F10: 3000 | G10: 30
A11: F08 | B11: 글로벌 전용 SKU (FTO) | C11: units | D11: 16000 | E11: 30 | F11: 2000 | G11: 15
A14: 환율 시나리오 (2026 base year)
A16: Currency | B16: base | C16: optimistic | D16: pessimistic
A17: USD/KRW | B17: 1350 | C17: 1280 | D17: 1450
A18: GBP/KRW | B18: 1700 | C18: 1620 | D18: 1820
A19: JPY/KRW | B19: 9 | C19: 8.5 | D19: 9.8
A22: Channel 코드
A24: Channel ID | B24: 명칭 | C24: 국가 | D24: Type
A25: CH-KR-RT | B25: 한국 리테일 (올리브영·롭스 등) | C25: KR | D25: retail
A26: CH-KR-OL | B26: 한국 온라인 (자체몰·쿠팡·11번가) | C26: KR | D26: online
A27: CH-JP-Q10 | B27: Qoo10 일본 | C27: JP | D27: online
A28: CH-JP-LOFT | B28: 일본 LOFT·로프트·도큐핸즈 | C28: JP | D28: retail
A29: CH-US-SEPH | B29: 세포라 미국 | C29: US | D29: retail
A30: CH-US-AMZ | B30: 아마존 미국 | C30: US | D30: online
A31: CH-UK-BOOTS | B31: Boots 영국 | C31: UK | D31: retail
A32: CH-XX-OTHER | B32: 기타·신규 채널 | C32: - | D32: -

Sheet F01_Sally_Smith
A1: F01 — 립글로스 컬러군 A (베스트셀러) | Family 정보 = Master_Data!A4:G4 | 단가 = 15,000 KRW/unit
A3: 구분 | B3: Nov-25 | C3: Dec-25 | D3: Jan-26 | E3: Feb-26 | F3: Mar-26 | G3: Apr-26 | H3: May-26 | I3: Jun-26 | J3: Jul-26 | K3: Aug-26 | L3: Sep-26 | M3: Oct-26 | N3: Nov-26 | O3: Dec-26 | P3: Jan-27 | Q3: Feb-27 | R3: Mar-27 | S3: Apr-27
A4: Actual 여부 | B4: actual | C4: actual | D4: actual | E4: forecast | F4: forecast | G4: forecast | H4: forecast | I4: forecast | J4: forecast | K4: forecast | L4: forecast | M4: forecast | N4: forecast | O4: forecast | P4: forecast | Q4: forecast | R4: forecast | S4: forecast
A6: 블록 A — FORECAST (units, 천개)
A7: Baseline (통계) | B7: 15 | C7: 14 | D7: 9 | E7: 14 | F7: 10 | G7: 10 | H7: 12 | I7: 10 | J7: 8 | K7: 8 | L7: 9 | M7: 10 | N7: 15 | O7: 14 | P7: 9 | Q7: 14 | R7: 10 | S7: 10
A8: Campaign | B8: 0 | C8: 0 | D8: 0 | E8: 2 | F8: 0 | G8: 0 | H8: 2 | I8: 0 | J8: 0 | K8: 0 | L8: 0 | M8: 0 | N8: 0 | O8: 0 | P8: 0 | Q8: 2 | R8: 0 | S8: 0
A9: NPI | B9: 0 | C9: 0 | D9: 0 | E9: 0 | F9: 1 | G9: 2 | H9: 3 | I9: 2 | J9: 1 | K9: 0 | L9: 0 | M9: 0 | N9: 0 | O9: 0 | P9: 0 | Q9: 0 | R9: 0 | S9: 0
A10: Total Forecast | B10: =B7+B8+B9 | C10: =C7+C8+C9 | D10: =D7+D8+D9 | E10: =E7+E8+E9 | F10: =F7+F8+F9 | G10: =G7+G8+G9 | H10: =H7+H8+H9 | I10: =I7+I8+I9 | ... S10: =S7+S8+S9
A11: Actual Sales | B11: 14 | C11: 13 | D11: 8
A12: Difference (Actual − FCST) | B12: =B11-B10 | C12: =C11-C10 | D12: =D11-D10
A13: Cum Difference | B13: =B12 | C13: =B13+C12 | D13: =C13+D12
A15: 블록 B — PRODUCTION (units, 천개) | 한국콜마 입고
A16: Planned Production | B16: 10 | C16: 12 | D16: 11 | E16: 12 | F16: 12 | G16: 12 | H16: 13 | I16: 11 | J16: 9 | K16: 9 | L16: 10 | M16: 11 | N16: 16 | O16: 15 | P16: 10 | Q16: 15 | R16: 11 | S16: 11
A17: Actual Production | B17: 10 | C17: 13 | D17: 11
A18: Difference (Actual − Plan) | B18: =B17-B16 | C18: =C17-C16 | D18: =D17-D16
A19: Cum Difference | B19: =B18 | C19: =B19+C18 | D19: =C19+D18
A21: 블록 C — INVENTORY (units, 천개) | 목표 1개월 supply
A22: Planned Inventory | B22: 12 | C22: 12 | D22: 12 | E22: 14 | F22: 11 | G22: 13 | H22: 14 | I22: 15 | J22: 12 | K22: 11 | L22: 12 | M22: 13 | N22: 18 | O22: 18 | P22: 12 | Q22: 13 | R22: 12 | S22: 12
A23: Actual Inventory | B23: 14 | C23: 14 | D23: 17
A24: Difference (Actual − Plan) | B24: =B23-B22 | C24: =C23-C22 | D24: =D23-D22
A26: 블록 D — Revenue 환산 (KRW, 백만원) | 단가 = Master_Data!D4 = 15,000 KRW
A27: Total Revenue (백만 KRW) | B27: =B10*Master_Data!$D$4/1000 | C27: =C10*Master_Data!$D$4/1000 | D27: =D10*Master_Data!$D$4/1000 | E27: =E10*Master_Data!$D$4/1000 | F27: =F10*Master_Data!$D$4/1000 | G27: =G10*Master_Data!$D$4/1000 | H27: =H10*Master_Data!$D$4/1000 | I27: =I10*Master_Data!$D$4/1000 | ... S27: =S10*Master_Data!$D$4/1000
A28: 참고: Total Forecast(천 units) × 단가(KRW) ÷ 1,000 = 백만 KRW
A30: 트래픽 라이트 범례
A31: 흰색 | B31: |Difference| ÷ Total ≤ 5%
A32: 노란색 | B32: 5% < |Difference| ÷ Total ≤ 10%
A33: 빨간색 | B33: |Difference| ÷ Total > 10%

Sheet NPI_Tracker
A1: NPI Tracker — 신제품 launch curve 양식 (예시: 컬러 #208 코랄, F01 합류)
A3: 항목 | B3: 값
A4: 신제품 ID | B4: LK-LG-208
A5: 신제품 이름 | B5: 립글로스 #208 코랄
A6: Family | B6: F01 (베스트셀러 합류)
A7: Launch 일자 (한국) | B7: 2026-03-15
A8: Launch 일자 (Qoo10 JP) | B8: 2026-04-01
A9: Launch 일자 (세포라 US) | B9: 2026-05-15
A10: Launch 일자 (Boots UK) | B10: 2026-06-01
A12: Pipeline Fill (one-time, 천개)
A13: 채널 | B13: Fill units (천개)
A14: CH-KR-RT + CH-KR-OL | B14: 3
A15: CH-JP-Q10 | B15: 1
A16: CH-US-SEPH | B16: 2
A17: CH-UK-BOOTS | B17: 1
A18: Pipeline Fill 합계
A20: Run-in Curve — 3 시나리오 (units, 천개)
A21: 주차 구간 | B21: base | C21: optimistic | D21: pessimistic | E21: 설명
A22: 주차 1-2 (Fill, 합계) | B22: 7 | C22: 10 | D22: 5 | E22: 채널 초기 입점, 평소 4-6주분 일시 출하
A23: 주차 3-8 (Run-in, 주당) | B23: 4 | C23: 6 | D23: 2 | E23: 실제 sell-through 형성, 마케팅 집중
A24: 주차 9-12 (Peak, 주당) | B24: 6 | C24: 9 | D24: 3 | E24: 최고 출하량 (성공 시)
A25: 주차 13-26 (정상화, 주당) | B25: 3 | C25: 5 | D25: 1.5 | E25: 베이스라인 형성
A26: 주차 27+ (Long-tail, family 평균 대비) | B26: 12% | C26: 18% | D26: 8% | E26: 장기 baseline 합류
A28: Cannibalization (기존 SKU 잠식 추정)
A29: 잠식 대상 | B29: 잠식률 (base) | C29: 잠식률 (worst)
A30: F01 베스트셀러 평균 | B30: 0.08 | C30: 0.15
A32: ※ NPI 인풋 → F01_Sally_Smith의 NPI 행에 base 시나리오 반영. worst는 hedge 재고 검토용 (Step 3).

Sheet FVA_Tracking
A1: FVA Tracking — 각 layer가 baseline 대비 정확도 개선/악화 측정
A3: 측정 방법:
A4: • APE (Absolute Percentage Error) = |Forecast − Actual| ÷ Actual
A5: • FVA = Baseline APE − Layer APE (양수 = 개선 / 음수 = 악화)
A6: • 3개월 누적 후 MAPE_3mo로 안정성 평가. Sales adjustment 음수 FVA 지속 시 교육·가중치 조정.
A8: Family | B8: Month | C8: Layer | D8: Forecast | E8: Actual | F8: APE | G8: MAPE_3mo | H8: FVA vs Baseline
A9: F01 | B9: 2025-11 | C9: 1. Baseline | D9: 15 | E9: 14
A10: F01 | B10: 2025-11 | C10: 2. + Marketing | D10: 15 | E10: 14
A11: F01 | B11: 2025-11 | C11: 3. + Sales | D11: 16 | E11: 14
A12: F01 | B12: 2025-11 | C12: 4. Consensus | D12: 15 | E12: 14
A13: F01 | B13: 2025-12 | C13: 1. Baseline | D13: 14 | E13: 13
A14: F01 | B14: 2025-12 | C14: 2. + Marketing | D14: 14 | E14: 13
A15: F01 | B15: 2025-12 | C15: 3. + Sales | D15: 15 | E15: 13
A16: F01 | B16: 2025-12 | C16: 4. Consensus | D16: 14 | E16: 13
A17: F01 | B17: 2026-01 | C17: 1. Baseline | D17: 9 | E17: 8
A18: F01 | B18: 2026-01 | C18: 2. + Marketing | D18: 9 | E18: 8
A19: F01 | B19: 2026-01 | C19: 3. + Sales | D19: 10 | E19: 8
A20: F01 | B20: 2026-01 | C20: 4. Consensus | D20: 9 | E20: 8
A23: 해석 가이드:
A24: • FVA 양수 = 그 layer가 baseline보다 정확도 개선 (forecast가 actual에 더 가까움)
A25: • FVA 음수 = 그 layer가 baseline보다 악화 (예: Sales가 과대 예측해 정확도 떨어뜨림)
A26: • 위 예시는 'Sales' layer가 일관 음수 FVA → 단기 과대예측 패턴 의심 (Implement Ch4 경고)
A27: • 대응: Sales 인풋에서 baseline·campaign 분리 강제, 분기 회고에서 layer별 누적 FVA 검토
